<?xml version="1.0" encoding="UTF-8"?>
<beans xmlns="http://www.springframework.org/schema/beans"
    xmlns:xsi="http://www.w3.org/2001/XMLSchema-instance"
    xsi:schemaLocation="http://www.springframework.org/schema/beans
        https://www.springframework.org/schema/beans/spring-beans.xsd">


<bean id="employee" class="com.cg.sbuemployeexmlbased.model.Employee">
  <property name="employeeId" value="101"></property>
  <property name="employeeName" value="Sush"></property>
  <property name="salary" value="2000"></property>
  <property name="businessUnit" ref="businessUnit"></property>
</bean>

    <bean id = "businessUnit" class="com.cg.sbuemployeexmlbased.model.SBU">
   <property name="sbuId" value="1001"></property>
   <property name="sbuName" value="Akhil"></property>
   <property name="sbuHead" value="Aishu"></property>
  </bean>

</beans>
