<?xml version="1.0" encoding="UTF-8"?>
<beans xmlns="http://www.springframework.org/schema/beans"
    xmlns:xsi="http://www.w3.org/2001/XMLSchema-instance"
    xsi:schemaLocation="http://www.springframework.org/schema/beans
        https://www.springframework.org/schema/beans/spring-beans.xsd">
        <bean id = "sbu" class ="com.cg.sbuemployeelistxmlbased.model.SBU">
          <property name="sbuCode" value="101"></property>
          <property name="sbuName" value="Sush"></property>
          <property name="sbuHead" value="Aishu"></property>
          <property name="employeeList">
            <list>
               <bean id ="emplist1" class = "com.cg.sbuemployeelistxmlbased.model.Employee">
                  <property name="employeeId" value="101"></property>
                  <property name="employeeName" value="Sush"></property>
                  <property name="salary" value="2000"></property>
               </bean>
               <bean id ="emplist2" class = "com.cg.sbuemployeelistxmlbased.model.Employee">
                  <property name="employeeId" value="102"></property>
                  <property name="employeeName" value="Aishu"></property>
                  <property name="salary" value="3000"></property>
               </bean>
            </list>
            
          </property>
        </bean>
        
        
        
        </beans>